{"config": {"seed": 2023, "encoder": "./config/encoder.json", "subencoder": "./config/subencoder.json", "drop_ratio": 0.1, "batch_size": 512, "lr": 0.001, "exp_name": "bs_512-lr_0.001-dr_0.1-ep_bb_60-ep_e_30-penalty_weight_[0, 1, 200, 250, 250, 250, 250]-dataset_ogbg-molbace-1700759451.7078948.json", "epoch_backbone": 60, "epoch_env": 30, "adversarial_iteration": 6, "dataset": "ogbg-molbace", "device": 1, "l2_weight": 1, "penalty_weight": [0, 1, 200, 250, 250, 250, 250], "penalty_weight_ascend": 15, "decomp": "brics", "work_dir": "ogbg-molbace/encoder-subencoder-1700759451.7078757", "time": 1700759451.7078948}, "train": [0.9462328767123287, 0.9387071917808218, 0.9413941210045662, 0.9240068493150686, 0.9076027397260273, 0.9056792237442922, 0.9139583333333334, 0.9208818493150684, 0.9168493150684931, 0.8969377853881279, 0.9031621004566212, 0.8970519406392695, 0.913484589041096, 0.9240839041095891, 0.9287585616438355, 0.9253396118721462, 0.9218521689497716, 0.9165296803652968, 0.9131107305936073, 0.9157876712328767, 0.9193864155251141, 0.9207448630136986, 0.920079908675799, 0.9202254566210045, 0.9138413242009131, 0.9110359589041096, 0.9166695205479453, 0.9250998858447488, 0.9310502283105023, 0.9336558219178082, 0.9331021689497718, 0.9254951484018266, 0.9094121004566211, 0.9163270547945204, 0.9234132420091323, 0.9200199771689498, 0.919400684931507, 0.9214440639269406, 0.9235017123287671, 0.9250256849315068, 0.9241352739726028, 0.9246832191780823, 0.9278738584474886, 0.9285388127853881, 0.924591894977169, 0.9222260273972602, 0.9238527397260274, 0.9295804794520548, 0.9319977168949771, 0.9283133561643836, 0.9250028538812786, 0.9256592465753425, 0.926695205479452, 0.9191352739726029, 0.9159817351598174, 0.915365296803653, 0.9246746575342466, 0.9275542237442922, 0.92775399543379, 0.9254680365296803], "valid": [0.6915750915750916, 0.6626373626373627, 0.6835164835164835, 0.7216117216117216, 0.7285714285714285, 0.7329670329670329, 0.7212454212454212, 0.7161172161172161, 0.7139194139194139, 0.7128205128205128, 0.7201465201465201, 0.7249084249084249, 0.7271062271062272, 0.7227106227106227, 0.694871794871795, 0.6732600732600733, 0.6692307692307692, 0.66996336996337, 0.6897435897435897, 0.704029304029304, 0.7051282051282052, 0.7113553113553114, 0.7106227106227107, 0.7172161172161172, 0.7245421245421245, 0.7304029304029304, 0.7351648351648352, 0.7355311355311356, 0.7304029304029304, 0.7274725274725274, 0.7260073260073261, 0.7241758241758242, 0.7194139194139194, 0.7073260073260074, 0.6875457875457875, 0.6611721611721612, 0.6527472527472528, 0.6435897435897436, 0.6391941391941393, 0.6322344322344323, 0.621978021978022, 0.6190476190476191, 0.6271062271062271, 0.6509157509157509, 0.6538461538461539, 0.6512820512820514, 0.6487179487179487, 0.6622710622710622, 0.6747252747252748, 0.6641025641025641, 0.6571428571428571, 0.6498168498168498, 0.6505494505494506, 0.6358974358974359, 0.6428571428571429, 0.6487179487179487, 0.6842490842490843, 0.6912087912087913, 0.7003663003663004, 0.7018315018315019], "test": [0.8367240479916537, 0.8353329855677273, 0.841245000869414, 0.8346374543557643, 0.8224656581464094, 0.818640236480612, 0.831681446704921, 0.8408972352634324, 0.8306381498869762, 0.7953399408798469, 0.8061206746652757, 0.8003825421665797, 0.8252477829942618, 0.8288993218570684, 0.8377673448095984, 0.8271604938271605, 0.8203790645105199, 0.8247261345852895, 0.8344635715527734, 0.8478525473830638, 0.8659363588941054, 0.8715006085898105, 0.874282733437663, 0.8782820379064511, 0.8848895844201008, 0.8821074595722483, 0.8821074595722482, 0.8784559207094418, 0.8789775691184141, 0.8840201704051469, 0.8819335767692575, 0.8812380455572945, 0.8777603894974787, 0.8709789601808381, 0.8539384454877412, 0.8360285167796905, 0.83150756390193, 0.8337680403408102, 0.833941923143801, 0.8252477829942619, 0.8118588071639715, 0.8045557294383585, 0.8075117370892018, 0.8144670492088332, 0.8120326899669623, 0.8000347765605981, 0.7956877064858286, 0.787341331942271, 0.786471917927317, 0.7897756911841418, 0.7883846287602156, 0.792905581637976, 0.8043818466353677, 0.7887323943661971, 0.780733785428621, 0.7692575204312293, 0.7807337854286212, 0.7878629803512434, 0.7923839332290037, 0.7936011128499392], "best": [28, 0.9310502283105023, 0.7304029304029304, 0.8789775691184141]}