{"config": {"seed": 2023, "data_config": "config/data_ec50_size.py", "encoder_config": "config/GIN_ec50_size.py", "lr": 0.0025, "exp_name": "lr_0.0025-ep_bb_80-ep_e_20-penalty_weight_[0.0, 0.4, 0.7]-dataset_ec50-size-1706386610.4901698.json", "epoch_backbone": 80, "epoch_env": 20, "adversarial_iteration": 2, "dataset": "ec50-size", "device": 2, "l2_weight": 1.0, "penalty_weight": [0.0, 0.4, 0.7], "penalty_weight_ascend": 15, "work_dir": "ec50-size/1706386610.490153", "time": 1706386610.4901698}, "train": [0.9510655450403084, 0.9543903103945166, 0.9531315963702927, 0.9581380223546364, 0.9562787708844491, 0.956658488141138, 0.9572691513806131, 0.9566841920785139, 0.9561724500525762, 0.9517443626591892, 0.9564867391050356, 0.9561891965572301, 0.959567317054173, 0.9589052459399463, 0.9588522802508082, 0.9537512170424893, 0.9590692059041166, 0.9520068543833002, 0.955161817969389, 0.9608957432721891, 0.9541648167620829, 0.9591626747673014, 0.9587650426451688, 0.958580052186782, 0.9596526073918292, 0.9600479027923823, 0.9619930287806209, 0.9621190170191222, 0.9643905051213147, 0.9604634497799589, 0.9644031623632043, 0.96581765782607, 0.9634057717023017, 0.9654472874556996, 0.9586970829925615, 0.9515461307785178, 0.9600042839895626, 0.9634887253183785, 0.9617883709156054, 0.9643213771079178, 0.9643688904467034, 0.9633785099505394, 0.9588006776492581, 0.96144954628656, 0.9618865132219498, 0.966274876348483, 0.9618584725629941, 0.966132336332126, 0.9374856875803247, 0.9440966623826772, 0.9503808856174786, 0.9524153912061377, 0.957289792421233, 0.9541706585660319, 0.9510121898975737, 0.9553339564590879, 0.9631553530396852, 0.959159169684932, 0.9624188962885072, 0.9639747634069401, 0.9632351910269892, 0.9636982513533512, 0.965811816022121, 0.96608715971492, 0.9670966234373174, 0.9650928846827902, 0.9645305136892939, 0.9642430969350002, 0.9639311446041203, 0.9637212291155509, 0.9645484285547377, 0.9680001557814387, 0.9653538185925148, 0.9607368462047747, 0.9620278848775168, 0.9652136152977372, 0.9668906024847139, 0.9672056704443666, 0.968968337422596, 0.9676422479261596], "valid": [0.7423967802502185, 0.7419933820385551, 0.7552525421523246, 0.7553863885635677, 0.7505586228691465, 0.7641728477682971, 0.7313851244585727, 0.7508788318182664, 0.7580187013180153, 0.763984161508003, 0.7510029185953563, 0.7674623092223896, 0.7653384269328722, 0.7457968508913798, 0.7642574312642909, 0.7555834402245646, 0.7537323629468518, 0.7413250794713067, 0.7500920194077296, 0.7569404941163349, 0.7376805532318331, 0.7499721153309911, 0.7579638614689643, 0.7490584276764635, 0.7493363448775863, 0.743857007417322, 0.7536519621512092, 0.7602968787760489, 0.7487052218690164, 0.7499544550406188, 0.7680162846467011, 0.7415788299592885, 0.7515169259940884, 0.7578170022121837, 0.7510475340657705, 0.7507435911735727, 0.754476418864908, 0.7511683676314762, 0.7592586395999479, 0.7445606305653152, 0.7628715632145446, 0.7619206960013385, 0.7587000167308015, 0.7528460952168499, 0.7528990760879668, 0.7615396055248824, 0.7579053036640455, 0.7497639098023906, 0.726706076998866, 0.729626531333073, 0.7479476883609392, 0.7357899726730245, 0.7545228933132564, 0.7466510512520217, 0.7565668395516144, 0.7351263175506108, 0.7518097150186829, 0.748741471938728, 0.754038629561467, 0.7340192961909542, 0.7390190173442642, 0.7514527912553677, 0.7509471492573383, 0.749180190731136, 0.7585949844775343, 0.7549272210138865, 0.7515578235086349, 0.7562312940345397, 0.7428048259067165, 0.7558213894001078, 0.7536445262394735, 0.7487860874091425, 0.7580256724852676, 0.739923410109122, 0.7332552562601082, 0.7479871916420352, 0.7437120071384753, 0.7448487721450747, 0.7510094250181251, 0.7476446749577083], "test": [0.6302357070891811, 0.6225654403224046, 0.6560556764145313, 0.6225606273543436, 0.63153520846569, 0.6638173895744695, 0.6230587695486719, 0.6382448870235964, 0.6498525627450602, 0.6412245153341163, 0.6322202542530594, 0.6534454434027042, 0.6622271047109332, 0.6594464124136072, 0.6551616675971738, 0.6638406522534317, 0.629451995456558, 0.6450516271040692, 0.6395628381110063, 0.6627898208934151, 0.6422913899210032, 0.6521150588144697, 0.6338197639720463, 0.649478755558978, 0.6369874991176225, 0.6367308074876948, 0.6450684724922833, 0.6603869465888891, 0.635094398346906, 0.6545323720231793, 0.662628586463367, 0.6214985657355179, 0.6297279389587304, 0.6363642197537045, 0.6415582144530222, 0.6341085420557149, 0.6223280005647216, 0.6302268833144022, 0.65433905113939, 0.6196150909009235, 0.645845766834158, 0.6325202625955375, 0.6147957055490314, 0.6377952755905512, 0.6494851728497264, 0.6220127511567166, 0.6444291499014946, 0.6336296517336311, 0.6188634657220414, 0.6264302536755033, 0.6589795545116762, 0.6428962195740202, 0.6463382938990816, 0.6357433468738168, 0.6468107669304173, 0.6375738790597385, 0.6407520423027806, 0.6275613011698722, 0.6392199141366499, 0.6269364174832669, 0.6186557059340687, 0.6357537749712827, 0.6362110069370913, 0.6229552907353574, 0.6362053918076866, 0.6233996881196697, 0.6142622682555878, 0.6169575303698285, 0.6108137766397782, 0.6582592136251917, 0.6354858530825457, 0.6243951703469829, 0.6342834132286032, 0.612642704503013, 0.6249334206084874, 0.6335582593740575, 0.6065165983225203, 0.632537910145095, 0.6296028017891406, 0.621469687927151], "best": [30, 0.9644031623632043, 0.7680162846467011, 0.662628586463367]}