{"config": {"seed": 2023, "data_config": "config/data_ec50_assay.py", "encoder_config": "config/GIN_ec50_assay.py", "lr": 0.001, "exp_name": "lr_0.001-ep_bb_60-ep_e_20-penalty_weight_[0.0, 3.0, 60.0]-dataset_ec50-assay-1706604259.0596182.json", "epoch_backbone": 60, "epoch_env": 20, "adversarial_iteration": 2, "dataset": "ec50-assay", "device": 6, "l2_weight": 2.5, "penalty_weight": [0.0, 3.0, 60.0], "penalty_weight_ascend": 5, "work_dir": "ec50-assay/1706604259.0596013", "time": 1706604259.0596182}, "train": [0.6702190995569766, 0.7094916254204959, 0.7570215796278357, 0.7351634777224585, 0.778880321703488, 0.7909326794378075, 0.8134214770981645, 0.7089485049591431, 0.8208889353225728, 0.8024545920822204, 0.8351333641127201, 0.8256264514260561, 0.8331517810433291, 0.7957882429400102, 0.8325964973467503, 0.8414051122973893, 0.7890076874207308, 0.8349335029528495, 0.824495270550042, 0.8331318077307475, 0.838418077794004, 0.8527947657629769, 0.8571667446394061, 0.8483998687907004, 0.842377915047356, 0.8516774125649036, 0.8592288611293987, 0.8459612041449233, 0.8477303787170527, 0.8442483645569984, 0.8638361665989367, 0.8407439444373173, 0.8465429908908891, 0.8788724860193213, 0.8630397947767738, 0.8773016361984026, 0.8778932815666043, 0.8760070838681956, 0.8160615393124725, 0.8835238352037829, 0.8688676488927232, 0.8821189175181572, 0.8868353080025638, 0.8876611276573789, 0.8826491065399539, 0.882688156926732, 0.8657984165260212, 0.8834690366282385, 0.8758003088693542, 0.7929592024605072, 0.8882909271739734, 0.8605021598064739, 0.8944484689815736, 0.8971305263659249, 0.8954383002608566, 0.8990438672839958, 0.8837909142425338, 0.8879367849778155, 0.870339784457229, 0.8844363339138397], "valid": [0.7035262403390676, 0.7108903639990027, 0.7743852842183995, 0.7036999813014211, 0.768989965095986, 0.7707094552480679, 0.7534833894290701, 0.719066317626527, 0.7522453876838694, 0.7698672400897533, 0.7753576103216155, 0.7195228745948641, 0.7364411929693344, 0.7543879331837448, 0.7768285651957119, 0.771966934679631, 0.7300470580902518, 0.6930869795562203, 0.721289111194216, 0.7374033906756421, 0.74990650710546, 0.7628700760408875, 0.731572550486163, 0.7569987222637746, 0.7172938481675393, 0.7391252181500874, 0.7323477624033907, 0.727679350536026, 0.7316559149837947, 0.6794120855148342, 0.7268831027175269, 0.8156117551732734, 0.7123823547743704, 0.74385907504363, 0.7493774931438545, 0.7549496696584392, 0.7508671465968586, 0.7498488531538271, 0.666067533034156, 0.7481683183744703, 0.7562071490900024, 0.7442642109199701, 0.697004331837447, 0.7343461730241835, 0.7478597918224881, 0.7305043941660434, 0.7289454001495886, 0.7430823049114934, 0.6857711605584642, 0.755796559461481, 0.727478340812765, 0.7016743019197207, 0.7451266828721018, 0.7261281475941161, 0.7793754674644727, 0.741051950885066, 0.7045196023435552, 0.7558830403889305, 0.719159810521067, 0.731737721266517], "test": [0.5836501033503778, 0.7056044998773486, 0.7250347512079729, 0.5965522618234923, 0.6727805339991367, 0.6765713155637872, 0.7166906581527, 0.6344952565314207, 0.7987795718042675, 0.703022166611838, 0.723793025418298, 0.7416259572032455, 0.7452712685949863, 0.7349248213949544, 0.7175140383470784, 0.7628189647467774, 0.7121021676006549, 0.734178454821528, 0.738327682498512, 0.7141178327416279, 0.7170044173491721, 0.7423618651367895, 0.7272443765794924, 0.7605123592599847, 0.6995594060253174, 0.71994614751246, 0.721621431464533, 0.7083922027987322, 0.7041478965773625, 0.7126945069321767, 0.7305778303456486, 0.7432727175920028, 0.6943776253563068, 0.7163445722511368, 0.7346053574858191, 0.7413521309954154, 0.7558478058724313, 0.7484678092572273, 0.654180318360998, 0.701991515190699, 0.7351016674875113, 0.7371420530500247, 0.7601548639330952, 0.7425120892369187, 0.7550871775173471, 0.7180845096133917, 0.7360619607858052, 0.7038569562315429, 0.6973450267265788, 0.6796822855360815, 0.7150743228981462, 0.7203112491229005, 0.7706439289497053, 0.667808876913218, 0.7781399213890595, 0.7557308592628371, 0.6853603762067845, 0.743500906098528, 0.712364584383159, 0.7701913550784303], "best": [54, 0.8954383002608566, 0.7793754674644727, 0.7781399213890595]}