{"config": {"seed": 2023, "data_config": "config/data_ec50_scaffold.py", "encoder_config": "config/GIN_ec50_scaffold.py", "lr": 0.0015, "exp_name": "lr_0.0015-ep_bb_80-ep_e_20-penalty_weight_[0.0, 1.0, 3.5]-dataset_ec50-scaffold-1707188426.633616.json", "epoch_backbone": 80, "epoch_env": 20, "adversarial_iteration": 2, "dataset": "ec50-scaffold", "device": 2, "l2_weight": 1.0, "penalty_weight": [0.0, 1.0, 3.5], "penalty_weight_ascend": 5, "work_dir": "ec50-scaffold/1707188426.6335914", "time": 1707188426.633616}, "train": [0.6410066085040307, 0.7264332848238422, 0.7166558190669114, 0.6663729282912715, 0.4781171004487738, 0.599257975423483, 0.6659158665038308, 0.6940026180499184, 0.578400113107557, 0.6487839718791211, 0.655763000665482, 0.8056963305860873, 0.8372920978282862, 0.8110067791404314, 0.7810137752328579, 0.8395969080684204, 0.8865036357741651, 0.8805155169429758, 0.8482798631983599, 0.8605339944275028, 0.7749379005384798, 0.8826984440397925, 0.8666915308279035, 0.7913909060549107, 0.8131470471370867, 0.8205782623851556, 0.8429230990495553, 0.8489051237235787, 0.8494121575997797, 0.865859068959045, 0.85729312164669, 0.8686124091665873, 0.8543435495784062, 0.8781168566824872, 0.8877297801959394, 0.8499045654987823, 0.768724297892153, 0.9022643450365528, 0.880447262382718, 0.850841846870894, 0.8769809057867679, 0.844981705340188, 0.8685709688978595, 0.8351006389114373, 0.8363450658047091, 0.8311699075394474, 0.788169534577029, 0.8781022307052889, 0.8979496817631127, 0.8990478488844037, 0.8152141852477519, 0.8661918099403016, 0.8960934014903872, 0.8911729789946591, 0.8950500817835891, 0.8044750614900459, 0.5723120500988472, 0.503939263192022, 0.5306609235329536, 0.748130921997226, 0.6891199793286189, 0.7296412491559593, 0.7857452788564437, 0.772502675334996, 0.7554146586418805, 0.7331088245833425, 0.8115430649710282, 0.7701149845574058, 0.6846883082375941, 0.7617964600259854, 0.7860243912546407, 0.7547235812192703, 0.7660916219964946, 0.7894249309531993, 0.8034634314005105, 0.8272111430444946, 0.8265054396446863, 0.8069700094337553, 0.8053184928418029, 0.80975869575286], "valid": [0.5710803714148911, 0.5800607142307384, 0.5741355270609337, 0.5797070744960533, 0.5599640121946972, 0.5931858929747623, 0.6055081920462252, 0.6037043458394062, 0.4734863368675702, 0.5553448210210263, 0.5822080730320739, 0.6451109813036788, 0.6887451825194217, 0.6316864442962731, 0.6635273882429573, 0.6695113128257395, 0.7150923554674811, 0.6776272029568009, 0.6977056761405388, 0.6977684644095836, 0.6736926064585228, 0.7083043359553174, 0.6960618387483827, 0.6558408888550418, 0.6771512273688799, 0.6601704438198924, 0.6735350281575005, 0.6763945274554871, 0.679787524497552, 0.6941036549253954, 0.6822374822471233, 0.6972321310662583, 0.6488130586636873, 0.699598236095234, 0.7009082829474353, 0.6557226038578733, 0.5688613124611624, 0.699390022093369, 0.6879747096954, 0.6785840151599238, 0.6750974433427016, 0.6659117221242365, 0.6926506128540145, 0.688063828528883, 0.6907070121128698, 0.6548067053010314, 0.629394469933331, 0.6950321111360463, 0.6916115682727231, 0.6963676783814724, 0.6550870245408962, 0.6676957191363251, 0.6838837501529198, 0.7190322180786466, 0.7046780096037696, 0.6563444102642211, 0.5372832690732533, 0.5758020492470673, 0.5263888967655534, 0.6449971522481845, 0.636463618856573, 0.6173719342108568, 0.6199802804326638, 0.6430948702389275, 0.6368670841208872, 0.6435870492511182, 0.6328065059989127, 0.634445482363788, 0.6258078419712438, 0.6073407993311226, 0.6363732847662696, 0.6208747094523486, 0.6081687943113019, 0.6504261095497311, 0.6496584723249564, 0.6514647490454157, 0.6349226732085291, 0.6307239608946558, 0.6302986210075775, 0.6278911972467142], "test": [0.5749379840645337, 0.5378270142033504, 0.5489392336624354, 0.5747790778957267, 0.5656371402766436, 0.6041307097963526, 0.5944977482493257, 0.5948225199811942, 0.5829872967856877, 0.5923890517902655, 0.5853059349714201, 0.6164372386360825, 0.6369195091925866, 0.6290735654368644, 0.6402453263801252, 0.6671433851730879, 0.6489812993343727, 0.6538783930913321, 0.6723691169920569, 0.6195318492811719, 0.6138897137059857, 0.6587913388018707, 0.6579658773167051, 0.6337251472298517, 0.6588721451018237, 0.6740977531982283, 0.6619698488110262, 0.675590929898795, 0.6687622176032464, 0.6779733625318585, 0.6699661928092445, 0.6861065746170787, 0.6780247847227378, 0.7020111102862939, 0.6852625547472347, 0.6820214101897903, 0.6364041273847525, 0.6868384709128251, 0.6842430034889764, 0.6847792634795735, 0.677429756513993, 0.6635569773340262, 0.6890531048177566, 0.676124483458293, 0.6616667285279489, 0.6756075551184024, 0.6382348347066538, 0.6789666227451563, 0.6721758004849925, 0.6687312869621161, 0.6591872510083389, 0.67136000482518, 0.6796505765471507, 0.6860667514166234, 0.6737088003860143, 0.6366349472941876, 0.4860924238487615, 0.5393217374359736, 0.5656696174498306, 0.6332236842105263, 0.5913076392497464, 0.5523980526068344, 0.5524494747977136, 0.5665426347957341, 0.560137285650657, 0.5848338560611683, 0.5952663746814144, 0.584808338282236, 0.5917820379580828, 0.5817357657189518, 0.6263478026872541, 0.5652153236582289, 0.5762521496795585, 0.6019918559621904, 0.5975536955930023, 0.6192789912899315, 0.6046491846682998, 0.5969312164402544, 0.5740127712617227, 0.5948708491079603], "best": [53, 0.8911729789946591, 0.7190322180786466, 0.6860667514166234]}