{"config": {"seed": 2023, "encoder": "config/encoder_bbbp.json", "subencoder": "config/subencoder_bbbp.json", "drop_ratio": 0.3, "batch_size": 512, "lr": 3e-05, "exp_name": "bs_512-lr_3e-05-dr_0.3-ep_bb_60-ep_e_30-penalty_weight_[0, 80, 600, 700]-dataset_ogbg-molbbbp-1701093453.8653438.json", "epoch_backbone": 60, "epoch_env": 30, "adversarial_iteration": 3, "dataset": "ogbg-molbbbp", "device": 1, "l2_weight": 3, "penalty_weight": [0, 80, 600, 700], "penalty_weight_ascend": 25, "decomp": "brics", "work_dir": "ogbg-molbbbp/encoder_bbbp-subencoder_bbbp-1701093453.8653214", "time": 1701093453.8653438}, "train": [0.9673342106290321, 0.9678165373956584, 0.9631075783850696, 0.9581881241670802, 0.955508840798711, 0.9542737497142283, 0.9548202008486721, 0.958826579829262, 0.9614347687898338, 0.9579595068557313, 0.9547156502489699, 0.9508277619480425, 0.9577908318882117, 0.9672101439173856, 0.9674791874606192, 0.9659499606889744, 0.9593256346918404, 0.9672045678854015, 0.9717490339524588, 0.9712053708340069, 0.9705041848120041, 0.9689415018484547, 0.9684605690898243, 0.9681998895945666, 0.9670247408539134, 0.9662273682801845, 0.9656823111537368, 0.9648110561562182, 0.9648584524280831, 0.9668226096944892, 0.9645336485650082, 0.963868706750902, 0.9641865405739967, 0.9661827600243116, 0.9675265837324841, 0.9679866063711742, 0.9688759834726413, 0.9685581496495465, 0.967696652708, 0.9664838657514541, 0.9647775999643133, 0.9638227044870329, 0.9610681446868778, 0.9568568465308717, 0.9591248975404123, 0.9624245144670149, 0.9646075309887978, 0.9646089249967938, 0.9641182341821913, 0.9628929011536811, 0.9629333273855658, 0.9628343528178478, 0.9625945834425306, 0.9627186501541773, 0.9631061843770735, 0.9630629701291968, 0.9633278316484423, 0.9612368196543976, 0.9613748264460045, 0.9622990537473723], "valid": [0.9439410534700787, 0.9438414816289953, 0.9411530419197451, 0.9398586079856616, 0.9392611769391617, 0.9395598924624116, 0.9387633177337449, 0.9388628895748283, 0.9384646022104949, 0.9369710245942448, 0.9340834412028278, 0.9303992830827442, 0.9329881509509111, 0.9353778751369113, 0.9327890072687445, 0.9304988549238276, 0.931793288857911, 0.9374688837996614, 0.9417504729662451, 0.944040625311162, 0.9441401971522454, 0.943741909787912, 0.9438414816289953, 0.9387633177337449, 0.9378671711639949, 0.9378671711639948, 0.9365727372299114, 0.9338842975206613, 0.932092004381161, 0.928308274419994, 0.9272129841680773, 0.9256198347107437, 0.9271134123269938, 0.9287065617843274, 0.9280095588967441, 0.9270138404859105, 0.9270138404859106, 0.9263168375983272, 0.9259185502339937, 0.9265159812804938, 0.9274121278502439, 0.9273125560091606, 0.9270138404859106, 0.9291048491486608, 0.9270138404859106, 0.9259185502339938, 0.9249228318231604, 0.924823259982077, 0.9229313950014936, 0.9206412426565767, 0.9197450960868268, 0.9186498058349098, 0.9179528029473265, 0.9174549437419098, 0.9167579408543264, 0.9173553719008264, 0.9187493776759931, 0.9201433834511601, 0.9212386737030768, 0.9212386737030769], "test": [0.714699074074074, 0.7129629629629629, 0.7091049382716049, 0.6995563271604938, 0.697145061728395, 0.6996527777777778, 0.7037037037037037, 0.7046682098765432, 0.706983024691358, 0.7135416666666666, 0.7186535493827161, 0.7221257716049383, 0.7236689814814815, 0.7214506172839507, 0.7169174382716048, 0.712962962962963, 0.71460262345679, 0.72289737654321, 0.7294560185185185, 0.7351466049382716, 0.7347608024691358, 0.7328317901234568, 0.7312885802469137, 0.7309027777777779, 0.7298418209876544, 0.7309027777777777, 0.7283950617283951, 0.720389660493827, 0.7165316358024691, 0.7068865740740742, 0.6981095679012347, 0.6958912037037037, 0.693287037037037, 0.6937692901234568, 0.6953125, 0.7002314814814815, 0.7039930555555557, 0.7022569444444444, 0.6990740740740741, 0.6951195987654321, 0.6918402777777778, 0.6900077160493826, 0.6882716049382716, 0.6868248456790124, 0.6865354938271605, 0.6893325617283951, 0.693576388888889, 0.6939621913580248, 0.6948302469135802, 0.6964699074074074, 0.6974344135802469, 0.697530864197531, 0.6977237654320988, 0.6977237654320988, 0.6987847222222222, 0.6986882716049383, 0.6981095679012346, 0.7005208333333333, 0.7010030864197531, 0.7005208333333333], "best": [19, 0.9712053708340069, 0.944040625311162, 0.7351466049382716]}